cs-uri-stem,count
/services/taxlots/18/41602/93793.png,1
/services/2ftcontours/18/41601/93793.png,1
/services/taxlots/18/41600/93794.png,1
/services/taxlots/18/41599/93793.png,1
/services/taxlots/18/41603/93793.png,1
/services/2ftcontours/18/41604/93794.png,1
/services/taxlots/18/41603/93794.png,1
/services/taxlots/18/41603/93792.png,1
/services/2ftcontours/18/41603/93794.png,1
/services/taxlots/18/41602/93794.png,1
/services/2ftcontours/18/41599/93793.png,1
/services/2ftcontours/18/41603/93792.png,1
/services/2ftcontours/18/41604/93792.png,1
/services/2ftcontours/18/41599/93792.png,1
/services/2ftcontours/18/41601/93792.png,1
/services/2ftcontours/18/41598/93793.png,1
/services/taxlots/18/41602/93792.png,1
/services/2ftcontours/18/41599/93794.png,1
/services/taxlots/18/41604/93793.png,1
/services/2ftcontours/17/20800/46894.png,1
/services/2ftcontours/17/20801/46894.png,1
/services/2ftcontours/17/20802/46894.png,1
/services/2ftcontours/17/20799/46894.png,1
/services/2ftcontours/17/20803/46894.png,1
/services/2ftcontours/17/20798/46894.png,1
/services/2ftcontours/18/41600/93793.png,1
/services/2ftcontours/18/41602/93792.png,1
/services/2ftcontours/18/41603/93793.png,1
/services/taxlots/18/41601/93792.png,1
/services/2ftcontours/18/41602/93793.png,1
/services/2ftcontours/18/41601/93794.png,1
/services/2ftcontours/18/41602/93794.png,1
/services/taxlots/18/41604/93794.png,1
/services/2ftcontours/18/41604/93793.png,1
/services/taxlots/18/41599/93794.png,1
/services/taxlots/18/41601/93793.png,1
/services/taxlots/18/41601/93794.png,1
/services/taxlots/18/41599/93792.png,1
/services/taxlots/18/41602/93791.png,1
/services/2ftcontours/18/41601/93791.png,1
/services/2ftcontours/18/41603/93791.png,1
/services/2ftcontours/18/41599/93791.png,1
/services/2ftcontours/18/41604/93791.png,1
/services/taxlots/19/83202/187586.png,1
/services/taxlots/19/83203/187586.png,1
/services/taxlots/19/83202/187587.png,1
/services/taxlots/19/83200/187587.png,1
/services/2ftcontours/18/41598/93791.png,1
/services/taxlots/19/83200/187588.png,1
/services/2ftcontours/19/83201/187588.png,1
/services/2ftcontours/19/83200/187587.png,1
/services/taxlots/19/83201/187588.png,1
/services/2ftcontours/19/83204/187588.png,1
/services/2ftcontours/19/83203/187586.png,1
/services/taxlots/19/83204/187587.png,1
/services/2ftcontours/19/83203/187587.png,1
/services/taxlots/18/41600/93791.png,1
/services/taxlots/18/41600/93792.png,1
/services/taxlots/18/41600/93793.png,1
/services/taxlots/18/41598/93793.png,1
/services/2ftcontours/18/41598/93792.png,1
/services/2ftcontours/18/41600/93794.png,1
/services/2ftcontours/18/41600/93792.png,1
/services/taxlots/18/41598/93791.png,1
/services/taxlots/18/41599/93791.png,1
/services/2ftcontours/18/41598/93794.png,1
/services/taxlots/17/20800/46894.png,1
/services/2ftcontours/18/41600/93791.png,1
/services/taxlots/18/41598/93794.png,1
/services/taxlots/18/41603/93791.png,1
/services/taxlots/18/41604/93792.png,1
/services/taxlots/18/41604/93791.png,1
/services/taxlots/18/41601/93791.png,1
/services/taxlots/18/41598/93792.png,1
/services/2ftcontours/18/41602/93791.png,1
/services/taxlots/17/20802/46894.png,1
/services/taxlots/19/83203/187587.png,1
/services/2ftcontours/17/20803/46898.png,1
/services/2ftcontours/17/20801/46898.png,1
/services/taxlots/17/20804/46899.png,1
/services/2ftcontours/17/20801/46897.png,1
/services/2ftcontours/17/20802/46898.png,1
/services/2ftcontours/17/20800/46897.png,1
/services/2ftcontours/17/20799/46898.png,1
/services/2ftcontours/17/20801/46899.png,1
/services/2ftcontours/17/20798/46897.png,1
/services/taxlots/17/20804/46897.png,1
/services/taxlots/17/20801/46898.png,1
/services/taxlots/17/20799/46899.png,1
/services/taxlots/17/20798/46898.png,1
/services/2ftcontours/17/20803/46899.png,1
/services/taxlots/17/20803/46898.png,1
/services/taxlots/17/20800/46896.png,1
/services/taxlots/17/20801/46899.png,1
/services/taxlots/17/20801/46897.png,1
/services/2ftcontours/17/20804/46899.png,1
/services/taxlots/17/20802/46897.png,1
/services/2ftcontours/17/20803/46897.png,1
/services/taxlots/17/20798/46899.png,1
/services/2ftcontours/17/20800/46898.png,1
/services/2ftcontours/17/20803/46896.png,1
/services/taxlots/17/20802/46898.png,1
/services/2ftcontours/17/20799/46899.png,1
/services/taxlots/17/20800/46899.png,1
/services/2ftcontours/17/20798/46898.png,1
/services/taxlots/17/20798/46897.png,1
/services/taxlots/17/20800/46898.png,1
/services/2ftcontours/17/20798/46899.png,1
/services/2ftcontours/17/20799/46897.png,1
/services/taxlots/17/20799/46897.png,1
/services/2ftcontours/17/20802/46896.png,1
/services/taxlots/17/20802/46896.png,1
/services/taxlots/17/20803/46897.png,1
/services/taxlots/17/20798/46896.png,1
/services/taxlots/17/20803/46899.png,1
/services/2ftcontours/17/20800/46895.png,1
/services/taxlots/17/20803/46895.png,1
/services/2ftcontours/17/20802/46895.png,1
/services/2ftcontours/17/20798/46895.png,1
/services/2ftcontours/17/20803/46895.png,1
/services/2ftcontours/17/20799/46895.png,1
/services/2ftcontours/17/20797/46896.png,1
/services/taxlots/17/20797/46895.png,1
/services/taxlots/17/20797/46896.png,1
/services/taxlots/17/20799/46895.png,1
/services/2ftcontours/17/20797/46898.png,1
/services/2ftcontours/17/20797/46895.png,1
/services/2ftcontours/17/20797/46897.png,1
/services/taxlots/17/20797/46897.png,1
/services/taxlots/17/20798/46894.png,1
/services/taxlots/17/20803/46894.png,1
/services/taxlots/17/20799/46894.png,1
/services/taxlots/17/20797/46898.png,1
/services/2ftcontours/17/20801/46895.png,1
/services/2ftcontours/17/20798/46896.png,1
/services/2ftcontours/17/20800/46896.png,1
/services/2ftcontours/17/20802/46899.png,1
/services/2ftcontours/17/20800/46899.png,1
/services/taxlots/17/20803/46896.png,1
/services/taxlots/17/20801/46896.png,1
/services/2ftcontours/17/20801/46896.png,1
/services/2ftcontours/17/20804/46897.png,1
/services/taxlots/17/20804/46896.png,1
/services/taxlots/17/20801/46894.png,1
/services/2ftcontours/17/20799/46896.png,1
/services/taxlots/17/20804/46898.png,1
/services/2ftcontours/17/20804/46898.png,1
/services/taxlots/17/20800/46895.png,1
/services/taxlots/17/20802/46895.png,1
/services/taxlots/17/20801/46895.png,1
/services/taxlots/17/20798/46895.png,1
/services/taxlots/17/20799/46896.png,1
/services/2ftcontours/19/83200/187588.png,1
/services/taxlots/17/20802/46899.png,1
/services/fireDistricts/13/1295/2931.png,1
/services/fireDistricts/13/1294/2928.png,1
/services/fireDistricts/13/1296/2929.png,1
/services/fireDistricts/13/1294/2930.png,1
/services/fireDistricts/13/1297/2931.png,1
/services/fireDistricts/13/1297/2930.png,1
/services/fireDistricts/13/1296/2931.png,1
/services/fireDistricts/13/1295/2928.png,1
/services/fireDistricts/13/1296/2930.png,1
/services/fireDistricts/13/1294/2931.png,1
/services/haulers/12/653/1467.png,1
/services/haulers/12/652/1469.png,1
/services/haulers/12/652/1468.png,1
/services/haulers/12/650/1467.png,1
/services/haulers/12/651/1469.png,1
/services/haulers/12/651/1468.png,1
/services/haulers/12/654/1467.png,1
/services/haulers/12/653/1468.png,1
/services/fireDistricts/13/1296/2928.png,1
/services/fireDistricts/11/322/732.png,1
/services/fireDistricts/11/325/733.png,1
/services/fireDistricts/11/323/731.png,1
/services/fireDistricts/11/324/732.png,1
/services/fireDistricts/11/324/733.png,1
/services/fireDistricts/11/325/731.png,1
/services/fireDistricts/11/325/732.png,1
/services/fireDistricts/11/322/731.png,1
/services/fireDistricts/11/323/733.png,1
/services/metrobounds/12/653/1468.png,1
/services/fireDistricts/11/324/731.png,1
/services/fireDistricts/11/322/733.png,1
/services/fireDistricts/13/1294/2929.png,1
/services/fireDistricts/13/1295/2929.png,1
/services/fireDistricts/13/1295/2930.png,1
/services/fireDistricts/13/1297/2929.png,1
/services/fireDistricts/13/1297/2928.png,1
/services/fireDistricts/11/323/732.png,1
/services/haulers/12/652/1467.png,1
/services/metrobounds/12/654/1468.png,1
/services/2ftcontours/17/20976/46958.png,1
/services/2ftcontours/17/20977/46957.png,1
/services/2ftcontours/17/20976/46957.png,1
/services/2ftcontours/17/20977/46959.png,1
/services/2ftcontours/17/20975/46958.png,1
/services/2ftcontours/17/20975/46959.png,1
/services/2ftcontours/17/20978/46958.png,1
/services/2ftcontours/17/20976/46959.png,1
/services/metrobounds/12/650/1468.png,1
/services/2ftcontours/17/20978/46957.png,1
/services/2ftcontours/17/20978/46959.png,1
/services/2ftcontours/17/20978/46960.png,1
/services/2ftcontours/17/20977/46958.png,1
/services/2ftcontours/17/20976/46960.png,1
/services/2ftcontours/17/20975/46960.png,1
/services/2ftcontours/17/20977/46960.png,1
/services/2ftcontours/17/20975/46957.png,1
/services/metrobounds/12/653/1469.png,1
/services/metrobounds/12/652/1469.png,1
/services/metrobounds/12/650/1467.png,1
/services/haulers/12/654/1469.png,1
/services/metrobounds/12/653/1467.png,1
/services/metrobounds/12/654/1467.png,1
/services/metrobounds/12/652/1467.png,1
/services/metrobounds/12/651/1469.png,1
/services/haulers/12/651/1467.png,1
/services/metrobounds/12/651/1468.png,1
/services/taxlots/19/83203/187589.png,1
/services/metrobounds/12/652/1468.png,1
/services/haulers/12/650/1469.png,1
/services/metrobounds/12/654/1469.png,1
/services/metrobounds/12/650/1469.png,1
/services/metrobounds/12/651/1467.png,1
/services/haulers/12/650/1468.png,1
/services/haulers/12/654/1468.png,1
/services/haulers/12/653/1469.png,1
/services/2ftcontours/19/83203/187589.png,1
/services/taxlots/19/83204/187588.png,1
/services/2ftcontours/19/83204/187585.png,1
/services/taxlots/19/83205/187586.png,1
/services/2ftcontours/19/83202/187586.png,1
/services/taxlots/19/83205/187585.png,1
/services/2ftcontours/19/83204/187586.png,1
/services/taxlots/19/83201/187586.png,1
/services/taxlots/19/83202/187585.png,1
/services/2ftcontours/19/83200/187585.png,1
/services/taxlots/19/83201/187585.png,1
/services/2ftcontours/19/83205/187587.png,1
/services/taxlots/19/83203/187585.png,1
/services/2ftcontours/19/83202/187585.png,1
/services/2ftcontours/19/83203/187585.png,1
/services/2ftcontours/19/83205/187585.png,1
/services/taxlots/19/83202/187584.png,1
/services/taxlots/19/83201/187584.png,1
/services/taxlots/19/83204/187584.png,1
/services/2ftcontours/19/83201/187585.png,1
/services/taxlots/19/83200/187585.png,1
/services/taxlots/19/83202/187588.png,1
/services/2ftcontours/19/83200/187586.png,1
/services/2ftcontours/19/83202/187587.png,1
/services/taxlots/19/83203/187588.png,1
/services/2ftcontours/19/83202/187588.png,1
/services/2ftcontours/19/83203/187588.png,1
/services/taxlots/19/83205/187587.png,1
/services/2ftcontours/19/83204/187587.png,1
/services/taxlots/19/83204/187586.png,1
/services/taxlots/19/83200/187584.png,1
/services/taxlots/19/83201/187587.png,1
/services/2ftcontours/19/83201/187586.png,1
/services/taxlots/19/83205/187588.png,1
/services/2ftcontours/19/83201/187587.png,1
/services/taxlots/19/83204/187585.png,1
/services/taxlots/19/83200/187586.png,1
/services/2ftcontours/19/83205/187586.png,1
/services/2ftcontours/19/83205/187588.png,1
/services/taxlots/19/83203/187584.png,1
/services/2ftcontours/19/83206/187585.png,1
/services/taxlots/19/83206/187586.png,1
/services/2ftcontours/19/83206/187588.png,1
/services/2ftcontours/19/83206/187587.png,1
/services/taxlots/19/83206/187585.png,1
/services/taxlots/19/83206/187587.png,1
/services/taxlots/19/83206/187584.png,1
/services/2ftcontours/19/83206/187584.png,1
/services/2ftcontours/19/83202/187589.png,1
/services/taxlots/19/83206/187588.png,1
/services/2ftcontours/19/83204/187589.png,1
/services/taxlots/19/83204/187589.png,1
/services/taxlots/19/83200/187589.png,1
/services/2ftcontours/19/83200/187589.png,1
/services/taxlots/19/83201/187589.png,1
/services/taxlots/19/83202/187589.png,1
/services/2ftcontours/19/83199/187589.png,1
/services/2ftcontours/19/83201/187589.png,1
/services/2ftcontours/19/83206/187586.png,1
/services/taxlots/19/83205/187584.png,1
/services/2ftcontours/19/83202/187584.png,1
/services/2ftcontours/19/83203/187584.png,1
/services/2ftcontours/19/83204/187584.png,1
/services/2ftcontours/19/83201/187584.png,1
/services/2ftcontours/19/83205/187584.png,1
/services/2ftcontours/19/83200/187584.png,1
/services/2ftcontours/19/83199/187585.png,1
/services/2ftcontours/19/83199/187586.png,1
/services/taxlots/19/83199/187589.png,1
/services/taxlots/19/83199/187587.png,1
/services/2ftcontours/19/83199/187588.png,1
/services/taxlots/19/83199/187588.png,1
/services/2ftcontours/19/83199/187587.png,1
/services/taxlots/19/83199/187585.png,1
/services/2ftcontours/19/83199/187584.png,1
/services/taxlots/19/83199/187584.png,1
/services/taxlots/19/83199/187586.png,1
/services/taxlots/17/20799/46898.png,1
/services/taxlots/10/162/365.png,1
/services/taxlots/13/1300/2931.png,1
/services/taxlots/13/1299/2930.png,1
/services/2ftcontours/13/1302/2932.png,1
/services/taxlots/13/1299/2929.png,1
/services/2ftcontours/13/1301/2930.png,1
/services/2ftcontours/13/1298/2931.png,1
/services/taxlots/13/1297/2930.png,1
/services/taxlots/13/1300/2929.png,1
/services/2ftcontours/13/1299/2930.png,1
/services/taxlots/13/1297/2931.png,1
/services/taxlots/13/1300/2930.png,1
/services/taxlots/13/1298/2931.png,1
/services/2ftcontours/13/1299/2931.png,1
/services/2ftcontours/13/1300/2930.png,1
/services/2ftcontours/13/1299/2929.png,1
/services/taxlots/13/1301/2930.png,1
/services/taxlots/13/1298/2930.png,1
/services/taxlots/13/1299/2931.png,1
/services/taxlots/12/652/1465.png,1
/services/taxlots/12/652/1464.png,1
/services/taxlots/12/647/1463.png,1
/services/2ftcontours/12/651/1463.png,1
/services/taxlots/12/651/1465.png,1
/services/2ftcontours/12/652/1464.png,1
/services/2ftcontours/12/648/1463.png,1
/services/2ftcontours/12/652/1466.png,1
/services/taxlots/12/651/1466.png,1
/services/2ftcontours/12/650/1463.png,1
/services/taxlots/13/1298/2929.png,1
/services/taxlots/12/651/1463.png,1
/services/2ftcontours/12/652/1465.png,1
/services/taxlots/12/649/1464.png,1
/services/taxlots/12/652/1463.png,1
/services/taxlots/12/649/1463.png,1
/services/2ftcontours/12/647/1463.png,1
/services/taxlots/12/648/1464.png,1
/services/2ftcontours/12/652/1463.png,1
/services/2ftcontours/13/1297/2931.png,1
/services/2ftcontours/13/1299/2932.png,1
/services/taxlots/13/1302/2930.png,1
/services/2ftcontours/13/1298/2930.png,1
/services/taxlots/13/1299/2932.png,1
/services/taxlots/13/1302/2929.png,1
/services/2ftcontours/13/1298/2929.png,1
/services/taxlots/13/1301/2932.png,1
/services/taxlots/13/1302/2932.png,1
/services/2ftcontours/13/1300/2932.png,1
/services/taxlots/13/1300/2932.png,1
/services/taxlots/14/2601/5862.png,1
/services/2ftcontours/14/2599/5860.png,1
/services/2ftcontours/14/2602/5860.png,1
/services/2ftcontours/14/2602/5862.png,1
/services/2ftcontours/14/2600/5862.png,1
/services/taxlots/14/2599/5861.png,1
/services/taxlots/14/2599/5860.png,1
/services/taxlots/14/2600/5861.png,1
/services/2ftcontours/13/1302/2929.png,1
/services/2ftcontours/13/1301/2931.png,1
/services/2ftcontours/13/1300/2931.png,1
/services/2ftcontours/13/1297/2930.png,1
/services/taxlots/13/1301/2931.png,1
/services/2ftcontours/13/1300/2929.png,1
/services/taxlots/13/1297/2929.png,1
/services/2ftcontours/13/1302/2931.png,1
/services/taxlots/13/1302/2931.png,1
/services/taxlots/13/1297/2932.png,1
/services/2ftcontours/12/651/1464.png,1
/services/2ftcontours/13/1297/2932.png,1
/services/2ftcontours/13/1301/2932.png,1
/services/2ftcontours/13/1298/2932.png,1
/services/2ftcontours/13/1297/2929.png,1
/services/taxlots/13/1301/2929.png,1
/services/taxlots/13/1298/2932.png,1
/services/2ftcontours/13/1302/2930.png,1
/services/2ftcontours/13/1301/2929.png,1
/services/2ftcontours/12/647/1465.png,1
/services/2ftcontours/14/2601/5860.png,1
/services/taxlots/10/162/366.png,1
/services/taxlots/10/164/364.png,1
/services/taxlots/10/165/364.png,1
/services/taxlots/10/163/367.png,1
/services/2ftcontours/10/163/366.png,1
/services/2ftcontours/10/161/365.png,1
/services/2ftcontours/10/162/365.png,1
/services/2ftcontours/10/161/366.png,1
/services/2ftcontours/10/164/366.png,1
/services/taxlots/10/164/366.png,1
/services/2ftcontours/10/161/367.png,1
/services/2ftcontours/10/163/365.png,1
/services/2ftcontours/10/163/364.png,1
/services/2ftcontours/10/164/367.png,1
/services/2ftcontours/10/163/367.png,1
/services/2ftcontours/10/162/364.png,1
/services/2ftcontours/10/164/365.png,1
/services/2ftcontours/10/162/367.png,1
/services/taxlots/10/160/366.png,1
/services/taxlots/10/164/365.png,1
/services/taxlots/10/163/365.png,1
/services/taxlots/10/160/365.png,1
/services/taxlots/10/162/367.png,1
/services/taxlots/10/165/367.png,1
/services/taxlots/10/163/366.png,1
/services/taxlots/10/162/364.png,1
/services/taxlots/10/165/366.png,1
/services/taxlots/10/165/365.png,1
/services/2ftcontours/10/162/366.png,1
/services/taxlots/10/161/364.png,1
/services/taxlots/10/161/367.png,1
/services/taxlots/10/163/364.png,1
/services/taxlots/10/164/367.png,1
/services/taxlots/10/160/367.png,1
/services/taxlots/10/160/364.png,1
/services/taxlots/10/161/365.png,1
/services/taxlots/10/161/366.png,1
/services/2ftcontours/10/161/364.png,1
/services/taxlots/12/650/1466.png,1
/services/2ftcontours/12/647/1464.png,1
/services/2ftcontours/12/649/1465.png,1
/services/2ftcontours/12/650/1464.png,1
/services/taxlots/12/647/1464.png,1
/services/taxlots/12/649/1465.png,1
/services/taxlots/12/650/1465.png,1
/services/2ftcontours/12/651/1465.png,1
/services/2ftcontours/12/649/1463.png,1
/services/2ftcontours/12/647/1466.png,1
/services/taxlots/12/647/1465.png,1
/services/taxlots/12/651/1464.png,1
/services/2ftcontours/12/650/1465.png,1
/services/2ftcontours/12/649/1464.png,1
/services/taxlots/12/648/1466.png,1
/services/taxlots/12/650/1463.png,1
/services/taxlots/12/648/1463.png,1
/services/taxlots/12/652/1466.png,1
/services/taxlots/12/648/1465.png,1
/services/2ftcontours/10/165/364.png,1
/services/2ftcontours/10/165/367.png,1
/services/2ftcontours/10/165/365.png,1
/services/2ftcontours/10/165/366.png,1
/services/2ftcontours/10/160/367.png,1
/services/2ftcontours/10/160/365.png,1
/services/2ftcontours/10/160/364.png,1
/services/2ftcontours/10/160/366.png,1
/services/2ftcontours/10/164/364.png,1
/services/taxlots/12/647/1466.png,1
/services/2ftcontours/12/650/1466.png,1
/services/taxlots/12/649/1466.png,1
/services/2ftcontours/12/648/1465.png,1
/services/2ftcontours/12/651/1466.png,1
/services/2ftcontours/12/648/1466.png,1
/services/2ftcontours/12/649/1466.png,1
/services/2ftcontours/12/648/1464.png,1
/services/taxlots/12/650/1464.png,1
/services/2ftcontours/14/2601/5861.png,1
/services/taxlots/17/20800/46897.png,1
/services/2ftcontours/15/5203/11723.png,1
/services/taxlots/15/5198/11724.png,1
/services/2ftcontours/15/5201/11723.png,1
/services/taxlots/15/5201/11722.png,1
/services/taxlots/15/5201/11725.png,1
/services/taxlots/16/10400/23448.png,1
/services/2ftcontours/16/10398/23447.png,1
/services/taxlots/16/10401/23448.png,1
/services/2ftcontours/16/10399/23448.png,1
/services/taxlots/15/5203/11724.png,1
/services/taxlots/16/10399/23449.png,1
/services/taxlots/16/10398/23448.png,1
/services/2ftcontours/16/10400/23448.png,1
/services/taxlots/16/10402/23449.png,1
/services/2ftcontours/16/10399/23450.png,1
/services/2ftcontours/16/10400/23449.png,1
/services/2ftcontours/16/10401/23447.png,1
/services/taxlots/16/10398/23449.png,1
/services/taxlots/15/5203/11723.png,1
/services/2ftcontours/15/5202/11722.png,1
/services/2ftcontours/15/5203/11722.png,1
/services/2ftcontours/15/5197/11725.png,1
/services/taxlots/15/5197/11722.png,1
/services/taxlots/15/5198/11722.png,1
/services/taxlots/15/5200/11722.png,1
/services/2ftcontours/15/5197/11722.png,1
/services/2ftcontours/15/5200/11722.png,1
/services/2ftcontours/15/5202/11725.png,1
/services/2ftcontours/16/10401/23449.png,1
/services/taxlots/15/5202/11722.png,1
/services/taxlots/15/5198/11723.png,1
/services/2ftcontours/15/5203/11725.png,1
/services/taxlots/15/5203/11725.png,1
/services/2ftcontours/15/5201/11722.png,1
/services/taxlots/15/5199/11722.png,1
/services/2ftcontours/15/5203/11724.png,1
/services/taxlots/15/5197/11725.png,1
/services/taxlots/16/10399/23448.png,1
/services/taxlots/16/10400/23449.png,1
/services/taxlots/16/10403/23449.png,1
/services/2ftcontours/16/10400/23447.png,1
/services/2ftcontours/16/10401/23448.png,1
/services/taxlots/16/10401/23447.png,1
/services/taxlots/16/10399/23447.png,1
/services/2ftcontours/16/10403/23449.png,1
/services/taxlots/16/10402/23448.png,1
/services/taxlots/16/10399/23450.png,1
/services/2ftcontours/16/10399/23447.png,1
/services/2ftcontours/16/10400/23450.png,1
/services/2ftcontours/16/10401/23450.png,1
/services/2ftcontours/16/10403/23447.png,1
/services/taxlots/16/10403/23447.png,1
/services/taxlots/16/10401/23450.png,1
/services/2ftcontours/17/20804/46896.png,1
/services/2ftcontours/17/20802/46897.png,1
/services/taxlots/16/10402/23450.png,1
/services/taxlots/16/10398/23450.png,1
/services/2ftcontours/16/10398/23450.png,1
/services/taxlots/16/10403/23448.png,1
/services/2ftcontours/16/10403/23450.png,1
/services/taxlots/16/10401/23449.png,1
/services/2ftcontours/16/10402/23450.png,1
/services/2ftcontours/16/10403/23448.png,1
/services/taxlots/16/10403/23450.png,1
/services/2ftcontours/16/10398/23448.png,1
/services/2ftcontours/16/10402/23447.png,1
/services/2ftcontours/15/5199/11725.png,1
/services/2ftcontours/16/10402/23449.png,1
/services/2ftcontours/16/10398/23449.png,1
/services/2ftcontours/16/10402/23448.png,1
/services/taxlots/16/10400/23450.png,1
/services/2ftcontours/16/10399/23449.png,1
/services/taxlots/16/10400/23447.png,1
/services/taxlots/16/10398/23447.png,1
/services/taxlots/16/10402/23447.png,1
/services/taxlots/15/5203/11722.png,1
/services/taxlots/14/2600/5862.png,1
/services/2ftcontours/14/2597/5863.png,1
/services/2ftcontours/14/2602/5863.png,1
/services/taxlots/14/2599/5863.png,1
/services/2ftcontours/14/2599/5862.png,1
/services/taxlots/14/2598/5862.png,1
/services/2ftcontours/14/2598/5862.png,1
/services/2ftcontours/14/2597/5860.png,1
/services/taxlots/14/2602/5861.png,1
/services/taxlots/14/2600/5860.png,1
/services/taxlots/14/2597/5861.png,1
/services/2ftcontours/14/2598/5861.png,1
/services/2ftcontours/14/2597/5861.png,1
/services/taxlots/14/2603/5861.png,1
/services/taxlots/14/2601/5863.png,1
/services/taxlots/14/2600/5863.png,1
/services/taxlots/14/2603/5862.png,1
/services/taxlots/14/2602/5863.png,1
/services/taxlots/14/2602/5860.png,1
/services/2ftcontours/14/2603/5862.png,1
/services/2ftcontours/14/2599/5861.png,1
/services/taxlots/14/2599/5862.png,1
/services/taxlots/14/2601/5861.png,1
/services/2ftcontours/14/2600/5861.png,1
/services/2ftcontours/14/2600/5860.png,1
/services/2ftcontours/14/2601/5862.png,1
/services/taxlots/14/2601/5860.png,1
/services/taxlots/14/2597/5862.png,1
/services/2ftcontours/14/2597/5862.png,1
/services/taxlots/14/2598/5860.png,1
/services/taxlots/14/2597/5863.png,1
/services/2ftcontours/14/2598/5860.png,1
/services/2ftcontours/14/2598/5863.png,1
/services/2ftcontours/14/2600/5863.png,1
/services/taxlots/14/2598/5861.png,1
/services/taxlots/14/2598/5863.png,1
/services/taxlots/14/2602/5862.png,1
/services/2ftcontours/14/2602/5861.png,1
/services/2ftcontours/14/2601/5863.png,1
/services/taxlots/15/5201/11723.png,1
/services/taxlots/15/5197/11724.png,1
/services/taxlots/15/5201/11724.png,1
/services/taxlots/15/5200/11724.png,1
/services/2ftcontours/15/5200/11725.png,1
/services/2ftcontours/15/5202/11724.png,1
/services/taxlots/15/5200/11723.png,1
/services/taxlots/15/5198/11725.png,1
/services/2ftcontours/15/5200/11723.png,1
/services/2ftcontours/15/5197/11724.png,1
/services/taxlots/15/5199/11723.png,1
/services/2ftcontours/15/5198/11725.png,1
/services/taxlots/15/5200/11725.png,1
/services/2ftcontours/15/5201/11725.png,1
/services/taxlots/15/5197/11723.png,1
/services/2ftcontours/15/5199/11722.png,1
/services/taxlots/15/5202/11725.png,1
/services/2ftcontours/15/5199/11723.png,1
/services/2ftcontours/15/5198/11723.png,1
/services/taxlots/14/2603/5860.png,1
/services/2ftcontours/14/2603/5863.png,1
/services/2ftcontours/14/2599/5863.png,1
/services/2ftcontours/14/2603/5861.png,1
/services/taxlots/14/2597/5860.png,1
/services/taxlots/14/2603/5863.png,1
/services/2ftcontours/14/2603/5860.png,1
/services/2ftcontours/15/5198/11722.png,1
/services/2ftcontours/15/5202/11723.png,1
/services/taxlots/15/5199/11725.png,1
/services/2ftcontours/15/5198/11724.png,1
/services/taxlots/15/5202/11724.png,1
/services/2ftcontours/15/5200/11724.png,1
/services/taxlots/15/5199/11724.png,1
/services/2ftcontours/15/5197/11723.png,1
/services/taxlots/15/5202/11723.png,1
/services/2ftcontours/15/5199/11724.png,1
/services/2ftcontours/15/5201/11724.png,1
